Welcome to the MySQL monitor.  Commands end with ; or \g.
Your MySQL connection id is 15
Server version: 5.1.61 Source distribution

Copyright (c) 2000, 2011, Oracle and/or its affiliates. All rights reserved.

Oracle is a registered trademark of Oracle Corporation and/or its
affiliates. Other names may be trademarks of their respective
owners.

Type 'help;' or '\h' for help. Type '\c' to clear the current input statement.

mysql> use classicmodels;
Database changed
mysql> SELECT * 
    -> FROM Orders O 
    -> JOIN OrderDetails OD on (O.orderNumber=OD.OrderNumber)
    -> WHERE O.OrderDate='2005-05-31';
+-------------+---------------------+---------------------+-------------+------------+----------+----------------+-------------+-------------+-----------------+-----------+-----------------+
| orderNumber | orderDate           | requiredDate        | shippedDate | status     | comments | customerNumber | orderNumber | productCode | quantityOrdered | priceEach | orderLineNumber |
+-------------+---------------------+---------------------+-------------+------------+----------+----------------+-------------+-------------+-----------------+-----------+-----------------+
|       10424 | 2005-05-31 00:00:00 | 2005-06-08 00:00:00 | NULL        | In Process | NULL     |            141 |       10424 | S10_1949    |              50 |    201.44 |               6 |
|       10424 | 2005-05-31 00:00:00 | 2005-06-08 00:00:00 | NULL        | In Process | NULL     |            141 |       10424 | S12_1666    |              49 |    121.64 |               3 |
|       10424 | 2005-05-31 00:00:00 | 2005-06-08 00:00:00 | NULL        | In Process | NULL     |            141 |       10424 | S18_1097    |              54 |     108.5 |               5 |
|       10424 | 2005-05-31 00:00:00 | 2005-06-08 00:00:00 | NULL        | In Process | NULL     |            141 |       10424 | S18_4668    |              26 |     40.25 |               4 |
|       10424 | 2005-05-31 00:00:00 | 2005-06-08 00:00:00 | NULL        | In Process | NULL     |            141 |       10424 | S32_3522    |              44 |     54.94 |               2 |
|       10424 | 2005-05-31 00:00:00 | 2005-06-08 00:00:00 | NULL        | In Process | NULL     |            141 |       10424 | S700_2824   |              46 |     85.98 |               1 |
|       10425 | 2005-05-31 00:00:00 | 2005-06-07 00:00:00 | NULL        | In Process | NULL     |            119 |       10425 | S10_4962    |              38 |    131.49 |              12 |
|       10425 | 2005-05-31 00:00:00 | 2005-06-07 00:00:00 | NULL        | In Process | NULL     |            119 |       10425 | S12_4473    |              33 |     95.99 |               4 |
|       10425 | 2005-05-31 00:00:00 | 2005-06-07 00:00:00 | NULL        | In Process | NULL     |            119 |       10425 | S18_2238    |              28 |    147.36 |               3 |
|       10425 | 2005-05-31 00:00:00 | 2005-06-07 00:00:00 | NULL        | In Process | NULL     |            119 |       10425 | S18_2319    |              38 |    117.82 |               7 |
|       10425 | 2005-05-31 00:00:00 | 2005-06-07 00:00:00 | NULL        | In Process | NULL     |            119 |       10425 | S18_2432    |              19 |     48.62 |              10 |
|       10425 | 2005-05-31 00:00:00 | 2005-06-07 00:00:00 | NULL        | In Process | NULL     |            119 |       10425 | S18_3232    |              28 |    140.55 |               8 |
|       10425 | 2005-05-31 00:00:00 | 2005-06-07 00:00:00 | NULL        | In Process | NULL     |            119 |       10425 | S18_4600    |              38 |    107.76 |              13 |
|       10425 | 2005-05-31 00:00:00 | 2005-06-07 00:00:00 | NULL        | In Process | NULL     |            119 |       10425 | S24_1444    |              55 |     53.75 |               1 |
|       10425 | 2005-05-31 00:00:00 | 2005-06-07 00:00:00 | NULL        | In Process | NULL     |            119 |       10425 | S24_2300    |              49 |    127.79 |               9 |
|       10425 | 2005-05-31 00:00:00 | 2005-06-07 00:00:00 | NULL        | In Process | NULL     |            119 |       10425 | S24_2840    |              31 |     31.82 |               5 |
|       10425 | 2005-05-31 00:00:00 | 2005-06-07 00:00:00 | NULL        | In Process | NULL     |            119 |       10425 | S32_1268    |              41 |     83.79 |              11 |
|       10425 | 2005-05-31 00:00:00 | 2005-06-07 00:00:00 | NULL        | In Process | NULL     |            119 |       10425 | S32_2509    |              11 |     50.32 |               6 |
|       10425 | 2005-05-31 00:00:00 | 2005-06-07 00:00:00 | NULL        | In Process | NULL     |            119 |       10425 | S50_1392    |              18 |     94.92 |               2 |
+-------------+---------------------+---------------------+-------------+------------+----------+----------------+-------------+-------------+-----------------+-----------+-----------------+
19 rows in set (0.01 sec)

mysql> explain SELECT *  FROM Orders O  JOIN OrderDetails OD on (O.orderNumber=OD.OrderNumber) WHERE O.OrderDate='2005-05-31';
+----+-------------+-------+--------+---------------+---------+---------+------------------------------+------+-------------+
| id | select_type | table | type   | possible_keys | key     | key_len | ref                          | rows | Extra       |
+----+-------------+-------+--------+---------------+---------+---------+------------------------------+------+-------------+
|  1 | SIMPLE      | OD    | ALL    | PRIMARY       | NULL    | NULL    | NULL                         | 2996 |             |
|  1 | SIMPLE      | O     | eq_ref | PRIMARY       | PRIMARY | 4       | classicmodels.OD.orderNumber |    1 | Using where |
+----+-------------+-------+--------+---------------+---------+---------+------------------------------+------+-------------+
2 rows in set (0.00 sec)


mysql> show index from OrderDetails;
+--------------+------------+----------+--------------+-------------+-----------+-------------+----------+--------+------+------------+---------+
| Table        | Non_unique | Key_name | Seq_in_index | Column_name | Collation | Cardinality | Sub_part | Packed | Null | Index_type | Comment |
+--------------+------------+----------+--------------+-------------+-----------+-------------+----------+--------+------+------------+---------+
| OrderDetails |          0 | PRIMARY  |            1 | orderNumber | A         |        NULL |     NULL | NULL   |      | BTREE      |         |
| OrderDetails |          0 | PRIMARY  |            2 | productCode | A         |        2996 |     NULL | NULL   |      | BTREE      |         |
+--------------+------------+----------+--------------+-------------+-----------+-------------+----------+--------+------+------------+---------+
2 rows in set (0.00 sec)

mysql> show index from Orders;
+--------+------------+----------+--------------+-------------+-----------+-------------+----------+--------+------+------------+---------+
| Table  | Non_unique | Key_name | Seq_in_index | Column_name | Collation | Cardinality | Sub_part | Packed | Null | Index_type | Comment |
+--------+------------+----------+--------------+-------------+-----------+-------------+----------+--------+------+------------+---------+
| Orders |          0 | PRIMARY  |            1 | orderNumber | A         |         326 |     NULL | NULL   |      | BTREE      |         |
+--------+------------+----------+--------------+-------------+-----------+-------------+----------+--------+------+------------+---------+
1 row in set (0.00 sec)

mysql> alter table Orders ADD INDEX ix_order_date (orderDate);
Query OK, 326 rows affected (0.05 sec)
Records: 326  Duplicates: 0  Warnings: 0

mysql> show index from Orders;
+--------+------------+---------------+--------------+-------------+-----------+-------------+----------+--------+------+------------+---------+
| Table  | Non_unique | Key_name      | Seq_in_index | Column_name | Collation | Cardinality | Sub_part | Packed | Null | Index_type | Comment |
+--------+------------+---------------+--------------+-------------+-----------+-------------+----------+--------+------+------------+---------+
| Orders |          0 | PRIMARY       |            1 | orderNumber | A         |         326 |     NULL | NULL   |      | BTREE      |         |
| Orders |          1 | ix_order_date |            1 | orderDate   | A         |         326 |     NULL | NULL   |      | BTREE      |         |
+--------+------------+---------------+--------------+-------------+-----------+-------------+----------+--------+------+------------+---------+
2 rows in set (0.01 sec)

mysql> explain SELECT *  FROM Orders O  JOIN OrderDetails OD on (O.orderNumber=OD.OrderNumber) WHERE O.OrderDate='2005-05-31';
+----+-------------+-------+------+-----------------------+---------------+---------+-----------------------------+------+-------+
| id | select_type | table | type | possible_keys         | key           | key_len | ref                         | rows | Extra |
+----+-------------+-------+------+-----------------------+---------------+---------+-----------------------------+------+-------+
|  1 | SIMPLE      | O     | ref  | PRIMARY,ix_order_date | ix_order_date | 8       | const                       |    3 |       |
|  1 | SIMPLE      | OD    | ref  | PRIMARY               | PRIMARY       | 4       | classicmodels.O.orderNumber |   29 |       |
+----+-------------+-------+------+-----------------------+---------------+---------+-----------------------------+------+-------+
2 rows in set (0.00 sec)

mysql> SELECT *  FROM Orders O  JOIN OrderDetails OD on (O.orderNumber=OD.OrderNumber) WHERE O.OrderDate='2005-05-31';
+-------------+---------------------+---------------------+-------------+------------+----------+----------------+-------------+-------------+-----------------+-----------+-----------------+
| orderNumber | orderDate           | requiredDate        | shippedDate | status     | comments | customerNumber | orderNumber | productCode | quantityOrdered | priceEach | orderLineNumber |
+-------------+---------------------+---------------------+-------------+------------+----------+----------------+-------------+-------------+-----------------+-----------+-----------------+
|       10424 | 2005-05-31 00:00:00 | 2005-06-08 00:00:00 | NULL        | In Process | NULL     |            141 |       10424 | S10_1949    |              50 |    201.44 |               6 |
|       10424 | 2005-05-31 00:00:00 | 2005-06-08 00:00:00 | NULL        | In Process | NULL     |            141 |       10424 | S12_1666    |              49 |    121.64 |               3 |
|       10424 | 2005-05-31 00:00:00 | 2005-06-08 00:00:00 | NULL        | In Process | NULL     |            141 |       10424 | S18_1097    |              54 |     108.5 |               5 |
|       10424 | 2005-05-31 00:00:00 | 2005-06-08 00:00:00 | NULL        | In Process | NULL     |            141 |       10424 | S18_4668    |              26 |     40.25 |               4 |
|       10424 | 2005-05-31 00:00:00 | 2005-06-08 00:00:00 | NULL        | In Process | NULL     |            141 |       10424 | S32_3522    |              44 |     54.94 |               2 |
|       10424 | 2005-05-31 00:00:00 | 2005-06-08 00:00:00 | NULL        | In Process | NULL     |            141 |       10424 | S700_2824   |              46 |     85.98 |               1 |
|       10425 | 2005-05-31 00:00:00 | 2005-06-07 00:00:00 | NULL        | In Process | NULL     |            119 |       10425 | S10_4962    |              38 |    131.49 |              12 |
|       10425 | 2005-05-31 00:00:00 | 2005-06-07 00:00:00 | NULL        | In Process | NULL     |            119 |       10425 | S12_4473    |              33 |     95.99 |               4 |
|       10425 | 2005-05-31 00:00:00 | 2005-06-07 00:00:00 | NULL        | In Process | NULL     |            119 |       10425 | S18_2238    |              28 |    147.36 |               3 |
|       10425 | 2005-05-31 00:00:00 | 2005-06-07 00:00:00 | NULL        | In Process | NULL     |            119 |       10425 | S18_2319    |              38 |    117.82 |               7 |
|       10425 | 2005-05-31 00:00:00 | 2005-06-07 00:00:00 | NULL        | In Process | NULL     |            119 |       10425 | S18_2432    |              19 |     48.62 |              10 |
|       10425 | 2005-05-31 00:00:00 | 2005-06-07 00:00:00 | NULL        | In Process | NULL     |            119 |       10425 | S18_3232    |              28 |    140.55 |               8 |
|       10425 | 2005-05-31 00:00:00 | 2005-06-07 00:00:00 | NULL        | In Process | NULL     |            119 |       10425 | S18_4600    |              38 |    107.76 |              13 |
|       10425 | 2005-05-31 00:00:00 | 2005-06-07 00:00:00 | NULL        | In Process | NULL     |            119 |       10425 | S24_1444    |              55 |     53.75 |               1 |
|       10425 | 2005-05-31 00:00:00 | 2005-06-07 00:00:00 | NULL        | In Process | NULL     |            119 |       10425 | S24_2300    |              49 |    127.79 |               9 |
|       10425 | 2005-05-31 00:00:00 | 2005-06-07 00:00:00 | NULL        | In Process | NULL     |            119 |       10425 | S24_2840    |              31 |     31.82 |               5 |
|       10425 | 2005-05-31 00:00:00 | 2005-06-07 00:00:00 | NULL        | In Process | NULL     |            119 |       10425 | S32_1268    |              41 |     83.79 |              11 |
|       10425 | 2005-05-31 00:00:00 | 2005-06-07 00:00:00 | NULL        | In Process | NULL     |            119 |       10425 | S32_2509    |              11 |     50.32 |               6 |
|       10425 | 2005-05-31 00:00:00 | 2005-06-07 00:00:00 | NULL        | In Process | NULL     |            119 |       10425 | S50_1392    |              18 |     94.92 |               2 |
+-------------+---------------------+---------------------+-------------+------------+----------+----------------+-------------+-------------+-----------------+-----------+-----------------+
19 rows in set (0.00 sec)

mysql> exit
ERROR 1045 (28000): Access denied for user 'root'@'localhost' (using password: YES)
