Welcome to the MySQL monitor.  Commands end with ; or \g.
Your MySQL connection id is 19
Server version: 5.1.61 Source distribution

Copyright (c) 2000, 2011, Oracle and/or its affiliates. All rights reserved.

Oracle is a registered trademark of Oracle Corporation and/or its
affiliates. Other names may be trademarks of their respective
owners.

Type 'help;' or '\h' for help. Type '\c' to clear the current input statement.


mysql> select table_name, check_time from information_schema.tables WHERE table_schema='classicmodels';
+-------------------+---------------------+
| table_name        | check_time          |
+-------------------+---------------------+
| Customers         | NULL                |
| Customers_Limited | NULL                |
| Employees         | NULL                |
| Offices           | NULL                |
| OrderDetails      | NULL                |
| Orders            | 2012-06-27 19:52:18 |
| Payments          | NULL                |
| ProductLines      | NULL                |
| Products          | NULL                |
+-------------------+---------------------+
9 rows in set (0.08 sec)


mysql> check table Customers;
+-------------------------+-------+----------+----------+
| Table                   | Op    | Msg_type | Msg_text |
+-------------------------+-------+----------+----------+
| classicmodels.Customers | check | status   | OK       |
+-------------------------+-------+----------+----------+
1 row in set (0.07 sec)

mysql> select table_name, check_time from information_schema.tables WHERE table_schema='classicmodels';
+-------------------+---------------------+
| table_name        | check_time          |
+-------------------+---------------------+
| Customers         | 2012-06-28 20:12:48 |
| Customers_Limited | NULL                |
| Employees         | NULL                |
| Offices           | NULL                |
| OrderDetails      | NULL                |
| Orders            | 2012-06-27 19:52:18 |
| Payments          | NULL                |
| ProductLines      | NULL                |
| Products          | NULL                |
+-------------------+---------------------+
9 rows in set (0.03 sec)

mysql> optimize table Customers;
+-------------------------+----------+----------+----------+
| Table                   | Op       | Msg_type | Msg_text |
+-------------------------+----------+----------+----------+
| classicmodels.Customers | optimize | status   | OK       |
+-------------------------+----------+----------+----------+
1 row in set (0.02 sec)


mysql> select table_name, check_time from information_schema.tables WHERE table_schema='classicmodels';
+-------------------+---------------------+
| table_name        | check_time          |
+-------------------+---------------------+
| Customers         | 2012-06-28 20:12:58 |
| Customers_Limited | NULL                |
| Employees         | NULL                |
| Offices           | NULL                |
| OrderDetails      | NULL                |
| Orders            | 2012-06-27 19:52:18 |
| Payments          | NULL                |
| ProductLines      | NULL                |
| Products          | NULL                |
+-------------------+---------------------+
9 rows in set (0.04 sec)

mysql> Optimize table Employees;
+-------------------------+----------+----------+----------+
| Table                   | Op       | Msg_type | Msg_text |
+-------------------------+----------+----------+----------+
| classicmodels.Employees | optimize | status   | OK       |
+-------------------------+----------+----------+----------+
1 row in set (0.02 sec)

mysql> analyze table Employees;
+-------------------------+---------+----------+-----------------------------+
| Table                   | Op      | Msg_type | Msg_text                    |
+-------------------------+---------+----------+-----------------------------+
| classicmodels.Employees | analyze | status   | Table is already up to date |
+-------------------------+---------+----------+-----------------------------+
1 row in set (0.02 sec)

mysql> Optimize Table Offices;
+-----------------------+----------+----------+----------+
| Table                 | Op       | Msg_type | Msg_text |
+-----------------------+----------+----------+----------+
| classicmodels.Offices | optimize | status   | OK       |
+-----------------------+----------+----------+----------+
1 row in set (0.03 sec)

mysql> Optimize Table Orders
    -> ;
+----------------------+----------+----------+----------+
| Table                | Op       | Msg_type | Msg_text |
+----------------------+----------+----------+----------+
| classicmodels.Orders | optimize | status   | OK       |
+----------------------+----------+----------+----------+
1 row in set (0.02 sec)

mysql> Optimize Table OrderDetails;
+----------------------------+----------+----------+----------+
| Table                      | Op       | Msg_type | Msg_text |
+----------------------------+----------+----------+----------+
| classicmodels.OrderDetails | optimize | status   | OK       |
+----------------------------+----------+----------+----------+
1 row in set (0.03 sec)


mysql> Optimize Table Payments; Optimize Table ProductLines; Optimize Table Products;
+------------------------+----------+----------+----------+
| Table                  | Op       | Msg_type | Msg_text |
+------------------------+----------+----------+----------+
| classicmodels.Payments | optimize | status   | OK       |
+------------------------+----------+----------+----------+
1 row in set (0.04 sec)

+----------------------------+----------+----------+----------+
| Table                      | Op       | Msg_type | Msg_text |
+----------------------------+----------+----------+----------+
| classicmodels.ProductLines | optimize | status   | OK       |
+----------------------------+----------+----------+----------+
1 row in set (0.02 sec)

+------------------------+----------+----------+----------+
| Table                  | Op       | Msg_type | Msg_text |
+------------------------+----------+----------+----------+
| classicmodels.Products | optimize | status   | OK       |
+------------------------+----------+----------+----------+
1 row in set (0.01 sec)

mysql> select table_name, check_time from information_schema.tables WHERE table_schema='classicmodels';
+-------------------+---------------------+
| table_name        | check_time          |
+-------------------+---------------------+
| Customers         | 2012-06-28 20:12:58 |
| Customers_Limited | NULL                |
| Employees         | 2012-06-28 20:17:02 |
| Offices           | 2012-06-28 20:17:18 |
| OrderDetails      | 2012-06-28 20:17:31 |
| Orders            | 2012-06-28 20:17:27 |
| Payments          | 2012-06-28 20:18:32 |
| ProductLines      | 2012-06-28 20:18:32 |
| Products          | 2012-06-28 20:18:32 |
+-------------------+---------------------+
9 rows in set (0.06 sec)

mysql> exit
